-- MySQL dump 10.13  Distrib 8.0.32, for Linux (x86_64)
--
-- Host: 127.0.0.1    Database: jblue
-- ------------------------------------------------------
-- Server version	8.0.32-0ubuntu4

/*!40101 SET @OLD_CHARACTER_SET_CLIENT=@@CHARACTER_SET_CLIENT */;
/*!40101 SET @OLD_CHARACTER_SET_RESULTS=@@CHARACTER_SET_RESULTS */;
/*!40101 SET @OLD_COLLATION_CONNECTION=@@COLLATION_CONNECTION */;
/*!50503 SET NAMES utf8 */;
/*!40103 SET @OLD_TIME_ZONE=@@TIME_ZONE */;
/*!40103 SET TIME_ZONE='+00:00' */;
/*!40014 SET @OLD_UNIQUE_CHECKS=@@UNIQUE_CHECKS, UNIQUE_CHECKS=0 */;
/*!40014 SET @OLD_FOREIGN_KEY_CHECKS=@@FOREIGN_KEY_CHECKS, FOREIGN_KEY_CHECKS=0 */;
/*!40101 SET @OLD_SQL_MODE=@@SQL_MODE, SQL_MODE='NO_AUTO_VALUE_ON_ZERO' */;
/*!40111 SET @OLD_SQL_NOTES=@@SQL_NOTES, SQL_NOTES=0 */;

--
-- Table structure for table `calles`
--

DROP TABLE IF EXISTS `calles`;
/*!40101 SET @saved_cs_client     = @@character_set_client */;
/*!50503 SET character_set_client = utf8mb4 */;
CREATE TABLE `calles` (
  `id` int NOT NULL AUTO_INCREMENT,
  `nombre` varchar(50) NOT NULL,
  `numero` varchar(3) DEFAULT NULL,
  PRIMARY KEY (`id`)
) ENGINE=InnoDB AUTO_INCREMENT=26 DEFAULT CHARSET=utf8mb4 COLLATE=utf8mb4_0900_ai_ci;
/*!40101 SET character_set_client = @saved_cs_client */;

--
-- Dumping data for table `calles`
--

LOCK TABLES `calles` WRITE;
/*!40000 ALTER TABLE `calles` DISABLE KEYS */;
INSERT INTO `calles` VALUES (1,'NETZAHUALCOYOTL','10'),(2,'CHIMALPOPOCA','10'),(3,'CUAUHTEMOCZIN','5'),(4,'NETZAHUALCOYOTL','5'),(5,'CALLE','45'),(6,'CALKDK','47'),(8,'SJKHSAKJ','78'),(11,'SADDSA','12'),(13,'ZXV_WRQ_RUT','32'),(15,'WEFWEF_ERWEWR','10'),(16,'JSKJASKJSA','12'),(19,'ASWEEW','32'),(21,'MALINCE','54'),(22,'MALINCHE','12'),(23,'MALINCHE','5'),(24,'CALLE','S/N'),(25,'CALLE','45');
/*!40000 ALTER TABLE `calles` ENABLE KEYS */;
UNLOCK TABLES;

--
-- Table structure for table `gastos`
--

DROP TABLE IF EXISTS `gastos`;
/*!40101 SET @saved_cs_client     = @@character_set_client */;
/*!50503 SET character_set_client = utf8mb4 */;
CREATE TABLE `gastos` (
  `id` int NOT NULL AUTO_INCREMENT,
  `personal` int NOT NULL,
  `motivo` varchar(50) NOT NULL,
  `descripcion` mediumtext,
  `monto` float NOT NULL,
  `periodo` varchar(1) NOT NULL,
  PRIMARY KEY (`id`),
  KEY `fk_gastos_personal_idx` (`personal`),
  CONSTRAINT `fk_gastos_personal` FOREIGN KEY (`personal`) REFERENCES `personal` (`id`)
) ENGINE=InnoDB DEFAULT CHARSET=utf8mb4 COLLATE=utf8mb4_0900_ai_ci;
/*!40101 SET character_set_client = @saved_cs_client */;

--
-- Dumping data for table `gastos`
--

LOCK TABLES `gastos` WRITE;
/*!40000 ALTER TABLE `gastos` DISABLE KEYS */;
/*!40000 ALTER TABLE `gastos` ENABLE KEYS */;
UNLOCK TABLES;

--
-- Table structure for table `historial_movimientos`
--

DROP TABLE IF EXISTS `historial_movimientos`;
/*!40101 SET @saved_cs_client     = @@character_set_client */;
/*!50503 SET character_set_client = utf8mb4 */;
CREATE TABLE `historial_movimientos` (
  `id` int NOT NULL AUTO_INCREMENT,
  `personal` int NOT NULL,
  `movimiento` int NOT NULL,
  `fecha` varchar(10) NOT NULL,
  `hora` varchar(8) NOT NULL,
  PRIMARY KEY (`id`),
  KEY `fk_hm_personal_idx` (`personal`),
  KEY `fk_hm_mov_idx` (`movimiento`),
  CONSTRAINT `fk_hm_mov` FOREIGN KEY (`movimiento`) REFERENCES `movimiento` (`id`),
  CONSTRAINT `fk_hm_personal` FOREIGN KEY (`personal`) REFERENCES `personal` (`id`)
) ENGINE=InnoDB AUTO_INCREMENT=1350 DEFAULT CHARSET=utf8mb4 COLLATE=utf8mb4_0900_ai_ci;
/*!40101 SET character_set_client = @saved_cs_client */;

--
-- Dumping data for table `historial_movimientos`
--

LOCK TABLES `historial_movimientos` WRITE;
/*!40000 ALTER TABLE `historial_movimientos` DISABLE KEYS */;
INSERT INTO `historial_movimientos` VALUES (1,1,1,'28-01-2023','33-11-04'),(2,1,2,'28-01-2023','08-12-04'),(3,1,1,'28-01-2023','04-14-01'),(4,1,2,'28-01-2023','04-14-08'),(5,1,1,'28-01-2023','04-23-51'),(6,1,2,'28-01-2023','04-24-25'),(7,1,1,'28-01-2023','04-26-53'),(8,1,2,'28-01-2023','04-27-53'),(9,1,1,'28-01-2023','04-35-28'),(10,1,2,'28-01-2023','04-35-39'),(11,1,1,'28-01-2023','04-36-55'),(12,1,2,'28-01-2023','04-37-20'),(13,1,1,'28-01-2023','04-40-25'),(14,1,2,'28-01-2023','04-42-09'),(15,1,1,'28-01-2023','04-44-18'),(16,1,2,'28-01-2023','04-45-58'),(17,1,1,'28-01-2023','04-47-49'),(18,1,2,'28-01-2023','04-49-02'),(19,1,1,'28-01-2023','05-03-05'),(20,1,2,'28-01-2023','05-03-24'),(21,1,1,'28-01-2023','05-04-08'),(22,1,2,'28-01-2023','05-04-23'),(23,1,1,'28-01-2023','05-28-30'),(24,1,2,'28-01-2023','05-28-44'),(25,1,1,'29-01-2023','02-40-02'),(26,1,2,'29-01-2023','02-40-38'),(27,1,1,'29-01-2023','02-41-52'),(28,1,2,'29-01-2023','02-42-08'),(29,1,1,'29-01-2023','02-42-50'),(30,1,2,'29-01-2023','02-43-21'),(31,1,1,'29-01-2023','02-43-50'),(32,1,2,'29-01-2023','02-44-20'),(33,1,1,'30-01-2023','09-49-11'),(34,1,2,'30-01-2023','09-49-57'),(35,1,1,'31-01-2023','05-40-42'),(36,1,2,'31-01-2023','05-40-44'),(37,1,1,'31-01-2023','05-40-48'),(38,1,2,'31-01-2023','05-42-09'),(39,1,1,'31-01-2023','05-45-39'),(40,1,2,'31-01-2023','05-46-34'),(41,1,1,'31-01-2023','05-48-27'),(42,1,1,'31-01-2023','05-52-03'),(43,1,2,'31-01-2023','05-52-27'),(44,1,1,'31-01-2023','05-53-31'),(45,1,2,'31-01-2023','05-54-51'),(46,1,1,'31-01-2023','07-01-30'),(47,1,2,'31-01-2023','07-02-03'),(48,1,1,'31-01-2023','07-03-02'),(49,1,2,'31-01-2023','07-04-06'),(50,1,1,'31-01-2023','07-04-42'),(51,1,2,'31-01-2023','07-05-12'),(52,1,1,'31-01-2023','07-10-24'),(53,1,2,'31-01-2023','07-11-02'),(54,1,1,'31-01-2023','07-18-37'),(55,1,2,'31-01-2023','07-19-25'),(56,1,1,'31-01-2023','07-22-34'),(57,1,1,'31-01-2023','07-28-01'),(58,1,1,'31-01-2023','07-29-14'),(59,1,1,'31-01-2023','07-30-54'),(60,1,2,'31-01-2023','07-31-48'),(61,1,1,'31-01-2023','09-37-12'),(62,1,2,'31-01-2023','09-38-36'),(63,1,1,'03-02-2023','10-44-23'),(64,1,2,'03-02-2023','10-45-11'),(65,1,1,'04-02-2023','06-08-58'),(66,1,2,'04-02-2023','06-09-35'),(67,1,1,'04-02-2023','07-01-01'),(68,1,2,'04-02-2023','07-01-13'),(69,1,1,'04-02-2023','07-02-24'),(70,1,1,'04-02-2023','07-03-56'),(71,1,2,'04-02-2023','07-04-51'),(72,1,1,'04-02-2023','07-07-09'),(73,1,2,'04-02-2023','07-08-34'),(74,1,1,'04-02-2023','07-08-45'),(75,1,2,'04-02-2023','07-09-04'),(76,1,1,'04-02-2023','10-00-43'),(77,1,2,'04-02-2023','10-02-10'),(78,1,1,'04-02-2023','10-03-33'),(79,1,2,'04-02-2023','10-03-48'),(80,1,1,'04-02-2023','10-07-17'),(81,1,2,'04-02-2023','10-07-32'),(82,1,1,'04-02-2023','10-08-37'),(83,1,2,'04-02-2023','10-09-01'),(84,1,1,'04-02-2023','10-12-49'),(85,1,2,'04-02-2023','10-12-55'),(86,1,1,'04-02-2023','10-14-31'),(87,1,2,'04-02-2023','10-15-05'),(88,1,1,'04-02-2023','10-15-18'),(89,1,2,'04-02-2023','10-15-37'),(90,1,1,'04-02-2023','10-17-53'),(91,1,2,'04-02-2023','10-18-08'),(92,1,1,'04-02-2023','10-19-41'),(93,1,1,'04-02-2023','10-21-57'),(94,1,2,'04-02-2023','10-22-21'),(95,1,1,'04-02-2023','10-22-26'),(96,1,2,'04-02-2023','10-22-41'),(97,1,1,'04-02-2023','10-26-16'),(98,1,2,'04-02-2023','10-27-06'),(99,1,1,'04-02-2023','10-27-22'),(100,1,2,'04-02-2023','10-27-36'),(101,1,1,'04-02-2023','10-28-48'),(102,1,2,'04-02-2023','10-29-08'),(103,1,1,'04-02-2023','10-29-29'),(104,1,2,'04-02-2023','10-29-45'),(105,1,1,'04-02-2023','01-43-09'),(106,1,2,'04-02-2023','01-43-30'),(107,1,1,'04-02-2023','01-43-59'),(108,1,2,'04-02-2023','01-46-48'),(109,1,1,'04-02-2023','06-11-45'),(110,1,2,'04-02-2023','06-12-27'),(111,1,1,'04-02-2023','06-20-53'),(112,1,2,'04-02-2023','06-22-47'),(113,1,1,'04-02-2023','06-33-45'),(114,1,2,'04-02-2023','06-33-55'),(115,1,1,'04-02-2023','06-34-06'),(116,1,2,'04-02-2023','06-37-12'),(117,1,1,'04-02-2023','06-57-22'),(118,1,2,'04-02-2023','06-58-06'),(119,1,1,'04-02-2023','07-05-25'),(120,1,2,'04-02-2023','07-05-50'),(121,1,1,'04-02-2023','07-06-15'),(122,1,2,'04-02-2023','07-06-29'),(123,1,1,'04-02-2023','07-07-29'),(124,1,2,'04-02-2023','07-07-43'),(125,1,1,'04-02-2023','07-10-17'),(126,1,2,'04-02-2023','07-10-31'),(127,1,1,'04-02-2023','07-10-48'),(128,1,2,'04-02-2023','07-11-28'),(129,1,1,'04-02-2023','07-16-04'),(130,1,2,'04-02-2023','07-17-31'),(131,1,1,'04-02-2023','07-20-35'),(132,1,2,'04-02-2023','07-22-02'),(133,1,1,'09-02-2023','05-36-18'),(134,1,2,'09-02-2023','05-37-09'),(135,1,1,'09-02-2023','09-39-14'),(136,1,2,'09-02-2023','09-39-17'),(137,1,1,'10-02-2023','02-06-41'),(138,1,2,'10-02-2023','02-07-01'),(139,1,1,'10-02-2023','02-07-45'),(140,1,2,'10-02-2023','02-08-04'),(141,1,1,'10-02-2023','02-09-51'),(142,1,2,'10-02-2023','02-10-36'),(143,1,1,'10-02-2023','02-10-55'),(144,1,2,'10-02-2023','02-11-43'),(145,1,1,'10-02-2023','02-18-05'),(146,1,2,'10-02-2023','02-19-06'),(147,1,1,'10-02-2023','02-24-33'),(148,1,2,'10-02-2023','02-24-38'),(149,1,1,'10-02-2023','02-38-58'),(150,1,2,'10-02-2023','02-39-18'),(151,1,1,'10-02-2023','02-40-10'),(152,1,2,'10-02-2023','02-40-33'),(153,1,1,'10-02-2023','02-41-52'),(154,1,2,'10-02-2023','02-42-03'),(155,1,1,'10-02-2023','02-42-33'),(156,1,2,'10-02-2023','02-42-46'),(157,1,1,'10-02-2023','02-43-30'),(158,1,2,'10-02-2023','02-43-40'),(159,1,1,'10-02-2023','02-44-22'),(160,1,2,'10-02-2023','02-44-44'),(161,1,1,'10-02-2023','02-45-10'),(162,1,2,'10-02-2023','02-45-19'),(163,1,1,'10-02-2023','02-45-50'),(164,1,2,'10-02-2023','02-46-59'),(165,1,1,'11-02-2023','12-56-20'),(166,1,2,'11-02-2023','12-56-52'),(167,1,1,'11-02-2023','01-05-46'),(168,1,2,'11-02-2023','01-05-56'),(169,1,1,'11-02-2023','01-06-31'),(170,1,2,'11-02-2023','01-06-33'),(171,1,1,'11-02-2023','01-07-28'),(172,1,2,'11-02-2023','01-07-31'),(173,1,1,'11-02-2023','01-07-55'),(174,1,2,'11-02-2023','01-07-58'),(175,1,1,'11-02-2023','01-08-44'),(176,1,2,'11-02-2023','01-08-50'),(177,1,1,'11-02-2023','01-10-17'),(178,1,2,'11-02-2023','01-10-21'),(179,1,1,'11-02-2023','01-11-45'),(180,1,2,'11-02-2023','01-11-50'),(181,1,1,'11-02-2023','01-12-30'),(182,1,2,'11-02-2023','01-12-35'),(183,1,1,'11-02-2023','01-12-38'),(184,1,2,'11-02-2023','01-12-42'),(185,1,1,'11-02-2023','01-19-35'),(186,1,2,'11-02-2023','01-20-05'),(187,1,1,'11-02-2023','01-20-50'),(188,1,2,'11-02-2023','01-21-18'),(189,1,1,'11-02-2023','02-23-34'),(190,1,2,'11-02-2023','02-23-44'),(191,1,1,'11-02-2023','02-24-29'),(192,1,2,'11-02-2023','02-24-36'),(193,1,1,'11-02-2023','03-56-26'),(194,1,2,'11-02-2023','03-56-47'),(195,1,1,'11-02-2023','04-07-15'),(196,1,2,'11-02-2023','04-07-51'),(197,1,1,'11-02-2023','12-39-45'),(198,1,2,'11-02-2023','12-40-24'),(199,1,1,'11-02-2023','12-46-20'),(200,1,2,'11-02-2023','12-46-59'),(201,1,1,'12-02-2023','04-35-53'),(202,1,2,'12-02-2023','04-36-14'),(203,1,1,'12-02-2023','04-40-41'),(204,1,1,'12-02-2023','04-41-55'),(205,1,2,'12-02-2023','04-41-57'),(206,1,1,'12-02-2023','04-42-01'),(207,1,2,'12-02-2023','04-42-31'),(208,1,1,'12-02-2023','04-43-31'),(209,1,2,'12-02-2023','04-51-20'),(210,1,1,'14-02-2023','02-56-04'),(211,1,2,'14-02-2023','02-56-12'),(212,1,1,'14-02-2023','04-35-24'),(213,1,2,'14-02-2023','04-35-48'),(214,1,1,'14-02-2023','04-39-01'),(215,1,2,'14-02-2023','04-39-17'),(216,1,1,'14-02-2023','04-39-36'),(217,1,2,'14-02-2023','04-40-21'),(218,1,1,'14-02-2023','04-48-12'),(219,1,2,'14-02-2023','04-48-24'),(220,1,1,'14-02-2023','04-49-55'),(221,1,2,'14-02-2023','04-50-17'),(222,1,1,'14-02-2023','04-52-07'),(223,1,2,'14-02-2023','04-52-19'),(224,1,1,'14-02-2023','04-52-48'),(225,1,2,'14-02-2023','04-53-15'),(226,1,1,'14-02-2023','04-54-19'),(227,1,2,'14-02-2023','04-54-31'),(228,1,1,'14-02-2023','04-54-58'),(229,1,1,'14-02-2023','04-55-47'),(230,1,2,'14-02-2023','04-56-00'),(231,1,1,'14-02-2023','04-56-40'),(232,1,2,'14-02-2023','04-57-14'),(233,1,1,'14-02-2023','04-57-54'),(234,1,2,'14-02-2023','04-58-11'),(235,1,1,'14-02-2023','05-03-36'),(236,1,2,'14-02-2023','05-04-05'),(237,1,1,'14-02-2023','09-06-58'),(238,1,2,'14-02-2023','09-07-14'),(239,1,1,'14-02-2023','09-08-12'),(240,1,2,'14-02-2023','09-08-23'),(241,1,1,'14-02-2023','09-09-39'),(242,1,2,'14-02-2023','09-12-10'),(243,1,1,'14-02-2023','09-12-48'),(244,1,2,'14-02-2023','09-12-56'),(245,1,1,'14-02-2023','09-13-37'),(246,1,2,'14-02-2023','09-14-02'),(247,1,1,'14-02-2023','09-17-06'),(248,1,2,'14-02-2023','09-17-18'),(249,1,1,'15-02-2023','02-07-02'),(250,1,2,'15-02-2023','02-07-53'),(251,1,1,'15-02-2023','02-10-20'),(252,1,2,'15-02-2023','02-10-32'),(253,1,1,'15-02-2023','02-14-23'),(254,1,2,'15-02-2023','02-14-41'),(255,1,1,'15-02-2023','02-16-26'),(256,1,2,'15-02-2023','02-16-46'),(257,1,1,'15-02-2023','02-23-33'),(258,1,2,'15-02-2023','02-23-46'),(259,1,1,'15-02-2023','02-24-52'),(260,1,2,'15-02-2023','02-25-59'),(261,1,1,'15-02-2023','03-32-03'),(262,1,2,'15-02-2023','03-32-58'),(263,1,1,'15-02-2023','03-39-21'),(264,1,2,'15-02-2023','03-39-36'),(265,1,1,'15-02-2023','03-40-26'),(266,1,2,'15-02-2023','03-40-43'),(267,1,1,'15-02-2023','03-41-35'),(268,1,2,'15-02-2023','03-41-46'),(269,1,1,'15-02-2023','03-42-11'),(270,1,2,'15-02-2023','03-42-24'),(271,1,1,'15-02-2023','03-44-07'),(272,1,2,'15-02-2023','03-44-24'),(273,1,1,'17-02-2023','12-08-36'),(274,1,2,'17-02-2023','12-09-12'),(275,1,1,'17-02-2023','12-17-38'),(276,1,2,'17-02-2023','12-18-12'),(277,1,1,'17-02-2023','12-22-53'),(278,1,2,'17-02-2023','12-24-16'),(279,1,1,'18-02-2023','12-39-29'),(280,1,2,'18-02-2023','12-40-08'),(281,1,1,'18-02-2023','12-54-25'),(282,1,2,'18-02-2023','12-54-45'),(283,1,1,'18-02-2023','12-55-22'),(284,1,2,'18-02-2023','12-55-33'),(285,1,1,'18-02-2023','12-56-03'),(286,1,2,'18-02-2023','12-56-21'),(287,1,1,'18-02-2023','12-57-49'),(288,1,2,'18-02-2023','12-58-25'),(289,1,1,'18-02-2023','12-59-30'),(290,1,2,'18-02-2023','12-59-40'),(291,1,1,'18-02-2023','01-00-23'),(292,1,2,'18-02-2023','01-01-13'),(293,1,1,'20-02-2023','02-14-08'),(294,1,2,'20-02-2023','02-14-17'),(295,1,1,'20-02-2023','02-18-13'),(296,1,2,'20-02-2023','02-18-29'),(297,1,1,'20-02-2023','02-26-18'),(298,1,2,'20-02-2023','02-26-34'),(299,1,1,'20-02-2023','02-27-02'),(300,1,2,'20-02-2023','02-27-19'),(301,1,1,'20-02-2023','02-29-01'),(302,1,2,'20-02-2023','02-29-40'),(303,1,1,'20-02-2023','02-42-58'),(304,1,2,'20-02-2023','02-43-27'),(305,1,1,'20-02-2023','02-43-54'),(306,1,2,'20-02-2023','02-44-16'),(307,1,1,'20-02-2023','02-45-14'),(308,1,2,'20-02-2023','02-45-28'),(309,1,1,'20-02-2023','02-45-53'),(310,1,2,'20-02-2023','02-46-04'),(311,1,1,'20-02-2023','02-47-51'),(312,1,2,'20-02-2023','02-48-08'),(313,1,1,'20-02-2023','02-48-56'),(314,1,2,'20-02-2023','02-49-13'),(315,1,1,'21-02-2023','03-07-49'),(316,1,2,'21-02-2023','03-08-12'),(317,1,1,'21-02-2023','03-09-46'),(318,1,2,'21-02-2023','03-10-17'),(319,1,1,'21-02-2023','03-10-37'),(320,1,2,'21-02-2023','03-11-39'),(321,1,1,'21-02-2023','03-21-39'),(322,1,2,'21-02-2023','03-21-58'),(323,1,1,'21-02-2023','03-22-41'),(324,1,2,'21-02-2023','03-24-06'),(325,1,1,'21-02-2023','03-24-52'),(326,1,1,'21-02-2023','03-28-47'),(327,1,2,'21-02-2023','03-28-55'),(328,1,1,'21-02-2023','03-29-17'),(329,1,2,'21-02-2023','03-29-28'),(330,1,1,'21-02-2023','03-29-56'),(331,1,1,'21-02-2023','03-30-43'),(332,1,1,'24-02-2023','10-03-07'),(333,1,2,'24-02-2023','10-03-26'),(334,1,1,'24-02-2023','10-17-55'),(335,1,2,'24-02-2023','10-18-05'),(336,1,1,'24-02-2023','10-27-20'),(337,1,2,'24-02-2023','10-27-43'),(338,1,1,'25-02-2023','12-40-36'),(339,1,2,'25-02-2023','12-40-55'),(340,1,1,'25-02-2023','12-52-47'),(341,1,2,'25-02-2023','12-52-55'),(342,1,1,'25-02-2023','12-53-08'),(343,1,2,'25-02-2023','12-53-12'),(344,1,1,'25-02-2023','01-01-19'),(345,1,1,'25-02-2023','01-01-38'),(346,1,1,'25-02-2023','03-34-43'),(347,1,2,'25-02-2023','03-35-00'),(348,1,1,'25-02-2023','03-45-42'),(349,1,2,'25-02-2023','03-46-06'),(350,1,1,'25-02-2023','03-50-41'),(351,1,2,'25-02-2023','03-50-56'),(352,1,1,'25-02-2023','03-51-15'),(353,1,2,'25-02-2023','03-51-26'),(354,1,1,'25-02-2023','03-52-11'),(355,1,2,'25-02-2023','03-52-21'),(356,1,1,'25-02-2023','03-53-17'),(357,1,2,'25-02-2023','03-53-24'),(358,1,1,'25-02-2023','03-55-00'),(359,1,2,'25-02-2023','03-55-11'),(360,1,1,'25-02-2023','03-56-12'),(361,1,1,'25-02-2023','03-56-53'),(362,1,2,'25-02-2023','03-57-05'),(363,1,1,'25-02-2023','03-57-58'),(364,1,2,'25-02-2023','03-58-11'),(365,1,1,'25-02-2023','03-58-47'),(366,1,2,'25-02-2023','04-11-48'),(367,1,1,'25-02-2023','04-23-49'),(368,1,2,'25-02-2023','04-24-19'),(369,1,1,'25-02-2023','04-25-13'),(370,1,2,'25-02-2023','04-25-36'),(371,1,1,'25-02-2023','04-35-47'),(372,1,2,'25-02-2023','04-36-22'),(373,1,1,'25-02-2023','06-47-04'),(374,1,2,'25-02-2023','06-47-34'),(375,1,1,'25-02-2023','06-54-05'),(376,1,2,'25-02-2023','06-54-45'),(377,1,1,'25-02-2023','06-55-46'),(378,1,2,'25-02-2023','06-56-02'),(379,1,1,'25-02-2023','06-56-43'),(380,1,2,'25-02-2023','06-57-07'),(381,1,1,'26-02-2023','03-59-43'),(382,1,2,'26-02-2023','03-59-50'),(383,1,1,'26-02-2023','04-01-09'),(384,1,2,'26-02-2023','04-01-27'),(385,1,1,'26-02-2023','04-01-47'),(386,1,2,'26-02-2023','04-01-54'),(387,1,1,'26-02-2023','04-03-21'),(388,1,2,'26-02-2023','04-03-52'),(389,1,1,'26-02-2023','04-09-42'),(390,1,2,'26-02-2023','04-09-50'),(391,1,1,'26-02-2023','04-15-40'),(392,1,2,'26-02-2023','04-15-51'),(393,1,1,'26-02-2023','04-17-52'),(394,1,2,'26-02-2023','04-17-58'),(395,1,1,'26-02-2023','04-18-58'),(396,1,2,'26-02-2023','04-19-05'),(397,1,1,'26-02-2023','04-20-07'),(398,1,2,'26-02-2023','04-20-15'),(399,1,1,'26-02-2023','04-25-22'),(400,1,2,'26-02-2023','04-25-28'),(401,1,1,'28-02-2023','12-38-24'),(402,1,1,'28-02-2023','12-48-36'),(403,1,1,'28-02-2023','01-24-26'),(404,1,1,'28-02-2023','01-25-46'),(405,1,1,'28-02-2023','01-26-20'),(406,1,1,'28-02-2023','01-28-10'),(407,1,1,'28-02-2023','01-30-23'),(408,1,1,'28-02-2023','01-33-22'),(409,1,2,'28-02-2023','01-33-40'),(410,1,1,'28-02-2023','01-38-33'),(411,1,2,'28-02-2023','01-38-46'),(412,1,1,'28-02-2023','01-42-20'),(413,1,2,'28-02-2023','01-42-30'),(414,1,1,'28-02-2023','01-43-39'),(415,1,2,'28-02-2023','01-43-48'),(416,1,1,'28-02-2023','01-50-24'),(417,1,2,'28-02-2023','01-50-30'),(418,1,1,'28-02-2023','01-55-34'),(419,1,2,'28-02-2023','01-55-54'),(420,1,1,'28-02-2023','02-10-37'),(421,1,2,'28-02-2023','02-11-10'),(422,1,1,'28-02-2023','02-12-54'),(423,1,2,'28-02-2023','02-13-13'),(424,1,1,'28-02-2023','02-50-20'),(425,1,2,'28-02-2023','02-50-42'),(426,1,1,'28-02-2023','02-54-03'),(427,1,2,'28-02-2023','02-54-16'),(428,1,1,'28-02-2023','02-55-13'),(429,1,2,'28-02-2023','02-55-45'),(430,1,1,'28-02-2023','02-56-13'),(431,1,2,'28-02-2023','02-57-22'),(432,1,1,'02-03-2023','04-03-19'),(433,1,2,'02-03-2023','04-03-27'),(434,1,1,'02-03-2023','04-05-19'),(435,1,2,'02-03-2023','04-05-48'),(436,1,1,'02-03-2023','04-10-14'),(437,1,2,'02-03-2023','04-10-28'),(438,1,1,'02-03-2023','04-11-21'),(439,1,2,'02-03-2023','04-12-13'),(440,1,1,'02-03-2023','04-12-24'),(441,1,2,'02-03-2023','04-12-48'),(442,1,1,'02-03-2023','04-27-39'),(443,1,2,'02-03-2023','04-28-02'),(444,1,1,'04-03-2023','06-43-27'),(445,1,1,'04-03-2023','07-19-58'),(446,1,2,'04-03-2023','07-20-49'),(447,1,1,'04-03-2023','07-21-19'),(448,1,1,'04-03-2023','07-23-55'),(449,1,2,'04-03-2023','07-24-21'),(450,1,1,'04-03-2023','07-46-05'),(451,1,1,'04-03-2023','08-40-58'),(452,1,1,'04-03-2023','08-42-40'),(453,1,1,'04-03-2023','08-43-02'),(454,1,2,'04-03-2023','08-43-49'),(455,1,1,'04-03-2023','01-56-33'),(456,1,2,'04-03-2023','01-58-10'),(457,1,1,'04-03-2023','04-08-47'),(458,1,2,'04-03-2023','04-09-26'),(459,1,1,'04-03-2023','04-10-17'),(460,1,2,'04-03-2023','04-11-24'),(461,1,1,'04-03-2023','04-23-59'),(462,1,2,'04-03-2023','04-24-03'),(463,1,1,'04-03-2023','05-42-43'),(464,1,2,'04-03-2023','05-42-49'),(465,1,1,'04-03-2023','05-43-13'),(466,1,2,'04-03-2023','05-43-18'),(467,1,1,'05-03-2023','12-21-53'),(468,1,2,'05-03-2023','12-22-03'),(469,1,1,'05-03-2023','12-30-24'),(470,1,2,'05-03-2023','12-30-38'),(471,1,1,'05-03-2023','12-33-47'),(472,1,2,'05-03-2023','12-34-02'),(473,1,1,'05-03-2023','12-43-00'),(474,1,2,'05-03-2023','12-43-21'),(475,1,1,'05-03-2023','12-44-20'),(476,1,2,'05-03-2023','12-44-44'),(477,1,1,'05-03-2023','12-50-20'),(478,1,2,'05-03-2023','12-50-33'),(479,1,1,'05-03-2023','12-51-09'),(480,1,2,'05-03-2023','12-51-26'),(481,1,1,'05-03-2023','12-52-02'),(482,1,2,'05-03-2023','12-52-18'),(483,1,1,'05-03-2023','12-53-01'),(484,1,2,'05-03-2023','12-53-28'),(485,1,1,'05-03-2023','12-54-09'),(486,1,2,'05-03-2023','12-54-26'),(487,1,1,'05-03-2023','12-55-06'),(488,1,2,'05-03-2023','12-55-30'),(489,1,1,'05-03-2023','12-56-06'),(490,1,2,'05-03-2023','12-56-16'),(491,1,1,'05-03-2023','12-58-11'),(492,1,2,'05-03-2023','01-16-13'),(493,1,1,'05-03-2023','09-45-03'),(494,1,1,'05-03-2023','09-46-52'),(495,1,1,'05-03-2023','09-51-21'),(496,1,1,'05-03-2023','09-54-54'),(497,1,1,'06-03-2023','08-18-27'),(498,1,1,'06-03-2023','08-25-08'),(499,1,2,'06-03-2023','08-25-22'),(500,1,1,'06-03-2023','08-26-41'),(501,1,2,'06-03-2023','08-27-17'),(502,1,1,'06-03-2023','08-45-01'),(503,1,2,'06-03-2023','08-45-17'),(504,1,1,'06-03-2023','08-47-32'),(505,1,2,'06-03-2023','08-47-43'),(506,1,1,'06-03-2023','09-32-23'),(507,1,2,'06-03-2023','09-32-33'),(508,1,1,'06-03-2023','09-43-29'),(509,1,2,'06-03-2023','09-43-45'),(510,1,1,'06-03-2023','09-44-15'),(511,1,1,'06-03-2023','09-46-01'),(512,1,2,'06-03-2023','09-46-35'),(513,1,1,'06-03-2023','09-46-45'),(514,1,2,'06-03-2023','09-46-58'),(515,1,1,'06-03-2023','10-17-34'),(516,1,2,'06-03-2023','10-17-42'),(517,1,1,'06-03-2023','10-32-36'),(518,1,2,'06-03-2023','10-32-47'),(519,1,1,'06-03-2023','10-41-30'),(520,1,2,'06-03-2023','10-41-44'),(521,1,1,'06-03-2023','10-48-52'),(522,1,2,'06-03-2023','10-49-14'),(523,1,1,'06-03-2023','10-50-25'),(524,1,2,'06-03-2023','10-50-29'),(525,1,1,'06-03-2023','10-50-44'),(526,1,2,'06-03-2023','10-51-18'),(527,1,1,'07-03-2023','04-10-51'),(528,1,2,'07-03-2023','04-11-23'),(529,1,1,'07-03-2023','04-12-19'),(530,1,2,'07-03-2023','04-12-24'),(531,1,1,'07-03-2023','04-17-53'),(532,1,2,'07-03-2023','04-18-00'),(533,1,1,'07-03-2023','04-20-06'),(534,1,2,'07-03-2023','04-36-23'),(535,1,1,'07-03-2023','04-37-48'),(536,1,2,'07-03-2023','04-37-58'),(537,1,1,'07-03-2023','04-40-03'),(538,1,2,'07-03-2023','04-40-13'),(539,1,1,'07-03-2023','04-54-09'),(540,1,2,'07-03-2023','04-54-29'),(541,1,1,'07-03-2023','10-45-00'),(542,1,2,'07-03-2023','10-45-31'),(543,1,1,'08-03-2023','05-55-28'),(544,1,2,'08-03-2023','05-55-50'),(545,1,1,'08-03-2023','09-12-22'),(546,1,2,'08-03-2023','09-12-47'),(547,1,1,'08-03-2023','09-14-23'),(548,1,2,'08-03-2023','09-15-35'),(549,1,1,'08-03-2023','09-17-51'),(550,1,2,'08-03-2023','11-21-08'),(551,1,1,'10-03-2023','01-10-07'),(552,1,2,'10-03-2023','01-11-04'),(553,1,1,'10-03-2023','01-15-41'),(554,1,2,'10-03-2023','01-18-58'),(555,1,1,'10-03-2023','02-22-57'),(556,1,2,'10-03-2023','02-23-23'),(557,1,1,'10-03-2023','02-24-22'),(558,1,2,'10-03-2023','02-24-33'),(559,1,1,'11-03-2023','01-45-34'),(560,1,2,'11-03-2023','01-45-48'),(561,1,1,'11-03-2023','01-53-45'),(562,1,2,'11-03-2023','01-54-07'),(563,1,1,'11-03-2023','01-59-45'),(564,1,2,'11-03-2023','01-59-58'),(565,1,1,'11-03-2023','06-50-10'),(566,1,2,'11-03-2023','06-50-20'),(567,1,1,'11-03-2023','06-53-45'),(568,1,2,'11-03-2023','06-54-06'),(569,1,1,'11-03-2023','06-56-54'),(570,1,2,'11-03-2023','06-57-31'),(571,1,1,'11-03-2023','06-59-14'),(572,1,2,'11-03-2023','06-59-42'),(573,1,1,'11-03-2023','07-02-02'),(574,1,2,'11-03-2023','07-02-35'),(575,1,1,'11-03-2023','07-15-05'),(576,1,2,'11-03-2023','07-15-43'),(577,1,1,'12-03-2023','03-16-46'),(578,1,2,'12-03-2023','03-17-04'),(579,1,1,'12-03-2023','03-17-34'),(580,1,2,'12-03-2023','03-17-55'),(581,1,1,'12-03-2023','03-22-38'),(582,1,2,'12-03-2023','03-23-06'),(583,1,1,'12-03-2023','03-25-29'),(584,1,2,'12-03-2023','03-25-51'),(585,1,1,'12-03-2023','04-24-46'),(586,1,2,'12-03-2023','04-25-51'),(587,1,1,'12-03-2023','04-28-03'),(588,1,2,'12-03-2023','04-28-52'),(589,1,1,'12-03-2023','04-34-53'),(590,1,2,'12-03-2023','04-35-33'),(591,1,1,'12-03-2023','05-23-55'),(592,1,2,'12-03-2023','06-05-08'),(593,1,1,'12-03-2023','09-06-59'),(594,1,2,'12-03-2023','09-07-46'),(595,1,1,'12-03-2023','09-09-30'),(596,1,2,'12-03-2023','09-10-14'),(597,1,1,'12-03-2023','09-10-31'),(598,1,2,'12-03-2023','09-10-40'),(599,1,1,'12-03-2023','09-11-40'),(600,1,2,'12-03-2023','09-11-56'),(601,1,1,'12-03-2023','09-12-09'),(602,1,2,'12-03-2023','09-12-22'),(603,1,1,'12-03-2023','09-13-03'),(604,1,2,'12-03-2023','09-13-12'),(605,1,1,'12-03-2023','09-13-37'),(606,1,2,'12-03-2023','09-14-03'),(607,1,1,'15-03-2023','04-02-09'),(608,1,2,'15-03-2023','04-02-20'),(609,1,1,'15-03-2023','04-05-02'),(610,1,2,'15-03-2023','04-05-43'),(611,1,1,'15-03-2023','04-07-09'),(612,1,2,'15-03-2023','04-07-28'),(613,1,1,'15-03-2023','05-00-12'),(614,1,2,'15-03-2023','05-00-24'),(615,1,1,'15-03-2023','05-18-50'),(616,1,2,'15-03-2023','05-19-06'),(617,1,1,'15-03-2023','05-42-02'),(618,1,2,'15-03-2023','05-42-04'),(619,1,1,'15-03-2023','05-43-54'),(620,1,2,'15-03-2023','05-43-55'),(621,1,1,'16-03-2023','12-41-19'),(622,1,2,'16-03-2023','12-42-27'),(623,1,1,'16-03-2023','03-08-27'),(624,1,2,'16-03-2023','03-08-42'),(625,1,1,'16-03-2023','03-09-35'),(626,1,2,'16-03-2023','03-10-02'),(627,1,1,'16-03-2023','03-14-33'),(628,1,2,'16-03-2023','03-14-47'),(629,1,1,'16-03-2023','03-15-32'),(630,1,2,'16-03-2023','03-15-58'),(631,1,1,'16-03-2023','03-16-50'),(632,1,2,'16-03-2023','03-17-48'),(633,1,1,'16-03-2023','09-21-44'),(634,1,2,'16-03-2023','09-22-15'),(635,1,1,'16-03-2023','09-34-55'),(636,1,2,'16-03-2023','09-34-57'),(637,1,1,'16-03-2023','09-35-36'),(638,1,2,'16-03-2023','09-36-05'),(639,1,1,'18-03-2023','05-31-05'),(640,1,2,'18-03-2023','05-31-29'),(641,1,1,'19-03-2023','04-45-48'),(642,1,2,'19-03-2023','04-46-16'),(643,1,1,'19-03-2023','04-47-53'),(644,1,2,'19-03-2023','04-48-42'),(645,1,1,'19-03-2023','05-04-21'),(646,1,2,'19-03-2023','05-04-33'),(647,1,1,'19-03-2023','09-21-18'),(648,1,2,'19-03-2023','09-21-28'),(649,1,1,'21-03-2023','05-28-22'),(650,1,2,'21-03-2023','05-30-13'),(651,1,1,'21-03-2023','05-31-48'),(652,1,2,'21-03-2023','05-32-07'),(653,1,1,'21-03-2023','05-33-28'),(654,1,2,'21-03-2023','05-33-34'),(655,1,1,'21-03-2023','05-34-25'),(656,1,2,'21-03-2023','05-34-33'),(657,1,1,'21-03-2023','05-37-47'),(658,1,2,'21-03-2023','05-38-08'),(659,1,1,'21-03-2023','11-06-16'),(660,1,2,'21-03-2023','11-06-25'),(661,1,1,'22-03-2023','02-39-07'),(662,1,2,'22-03-2023','02-39-20'),(663,1,1,'22-03-2023','02-53-51'),(664,1,2,'22-03-2023','02-54-03'),(665,1,1,'22-03-2023','02-55-44'),(666,1,2,'22-03-2023','02-55-59'),(667,1,1,'22-03-2023','02-57-28'),(668,1,2,'22-03-2023','02-57-42'),(669,1,1,'22-03-2023','03-01-15'),(670,1,2,'22-03-2023','03-01-47'),(671,1,1,'22-03-2023','03-05-35'),(672,1,2,'22-03-2023','03-05-55'),(673,1,1,'22-03-2023','03-13-21'),(674,1,2,'22-03-2023','03-14-31'),(675,1,1,'22-03-2023','03-18-46'),(676,1,2,'22-03-2023','03-19-03'),(677,1,1,'22-03-2023','03-19-30'),(678,1,2,'22-03-2023','03-19-42'),(679,1,1,'22-03-2023','03-20-41'),(680,1,2,'22-03-2023','03-21-17'),(681,1,1,'22-03-2023','03-22-57'),(682,1,2,'22-03-2023','03-23-06'),(683,1,1,'22-03-2023','03-24-47'),(684,1,2,'22-03-2023','03-24-55'),(685,1,1,'22-03-2023','03-28-07'),(686,1,2,'22-03-2023','03-28-29'),(687,1,1,'22-03-2023','03-30-01'),(688,1,2,'22-03-2023','03-31-15'),(689,1,1,'22-03-2023','03-32-06'),(690,1,2,'22-03-2023','03-32-41'),(691,1,1,'22-03-2023','04-10-43'),(692,1,2,'22-03-2023','04-11-04'),(693,1,1,'22-03-2023','04-12-24'),(694,1,2,'22-03-2023','04-13-00'),(695,1,1,'22-03-2023','04-13-30'),(696,1,2,'22-03-2023','04-13-47'),(697,1,1,'22-03-2023','04-15-10'),(698,1,1,'22-03-2023','04-15-14'),(699,1,1,'22-03-2023','04-15-33'),(700,1,1,'22-03-2023','04-15-36'),(701,1,1,'22-03-2023','04-16-10'),(702,1,1,'22-03-2023','04-17-59'),(703,1,1,'22-03-2023','04-20-24'),(704,1,2,'22-03-2023','04-20-52'),(705,1,1,'22-03-2023','04-24-33'),(706,1,2,'22-03-2023','04-25-11'),(707,1,1,'22-03-2023','04-26-49'),(708,1,2,'22-03-2023','04-27-19'),(709,1,1,'22-03-2023','04-35-54'),(710,1,2,'22-03-2023','04-36-10'),(711,1,1,'22-03-2023','04-37-12'),(712,1,2,'22-03-2023','04-38-12'),(713,1,1,'22-03-2023','04-39-29'),(714,1,2,'22-03-2023','04-39-46'),(715,1,1,'22-03-2023','04-41-53'),(716,1,2,'22-03-2023','04-42-34'),(717,1,1,'22-03-2023','04-43-51'),(718,1,2,'22-03-2023','04-44-12'),(719,1,1,'22-03-2023','05-15-59'),(720,1,1,'22-03-2023','05-36-06'),(721,1,2,'22-03-2023','05-36-35'),(722,1,1,'22-03-2023','05-38-18'),(723,1,2,'22-03-2023','05-38-44'),(724,1,1,'22-03-2023','05-39-35'),(725,1,2,'22-03-2023','05-40-15'),(726,1,1,'22-03-2023','05-41-17'),(727,1,2,'22-03-2023','05-55-05'),(728,1,1,'22-03-2023','05-58-32'),(729,1,2,'22-03-2023','05-59-20'),(730,1,1,'25-03-2023','01-24-33'),(731,1,2,'25-03-2023','01-26-02'),(732,1,1,'25-03-2023','01-29-17'),(733,1,2,'25-03-2023','01-29-38'),(734,1,1,'25-03-2023','01-30-23'),(735,1,2,'25-03-2023','01-30-55'),(736,1,1,'25-03-2023','01-34-01'),(737,1,2,'25-03-2023','01-48-02'),(738,1,1,'25-03-2023','01-53-11'),(739,1,1,'25-03-2023','01-54-20'),(740,1,2,'25-03-2023','01-54-31'),(741,1,1,'25-03-2023','01-55-38'),(742,1,2,'25-03-2023','01-56-26'),(743,1,1,'25-03-2023','01-57-26'),(744,1,1,'25-03-2023','01-58-55'),(745,1,2,'25-03-2023','01-59-14'),(746,1,1,'25-03-2023','02-06-07'),(747,1,2,'25-03-2023','02-06-32'),(748,1,1,'25-03-2023','02-08-51'),(749,1,2,'25-03-2023','02-09-06'),(750,1,1,'25-03-2023','02-09-46'),(751,1,2,'25-03-2023','02-09-54'),(752,1,1,'25-03-2023','02-10-12'),(753,1,2,'25-03-2023','02-11-04'),(754,1,1,'25-03-2023','02-13-36'),(755,1,2,'25-03-2023','02-13-50'),(756,1,1,'25-03-2023','02-15-14'),(757,1,1,'25-03-2023','02-16-43'),(758,1,1,'25-03-2023','02-17-57'),(759,1,2,'25-03-2023','02-18-10'),(760,1,1,'25-03-2023','02-19-25'),(761,1,2,'25-03-2023','02-19-42'),(762,1,1,'25-03-2023','02-35-47'),(763,1,2,'25-03-2023','02-37-47'),(764,1,1,'25-03-2023','02-41-34'),(765,1,2,'25-03-2023','02-42-07'),(766,1,1,'25-03-2023','02-51-04'),(767,1,2,'25-03-2023','02-51-13'),(768,1,1,'25-03-2023','02-51-41'),(769,1,2,'25-03-2023','02-52-09'),(770,1,1,'25-03-2023','02-55-03'),(771,1,2,'25-03-2023','02-55-43'),(772,1,1,'25-03-2023','02-58-27'),(773,1,2,'25-03-2023','02-58-40'),(774,1,1,'25-03-2023','02-59-24'),(775,1,2,'25-03-2023','02-59-56'),(776,1,1,'25-03-2023','03-01-21'),(777,1,2,'25-03-2023','03-01-34'),(778,1,1,'25-03-2023','03-04-29'),(779,1,2,'25-03-2023','03-04-43'),(780,1,1,'25-03-2023','03-05-54'),(781,1,2,'25-03-2023','03-06-06'),(782,1,1,'25-03-2023','03-07-52'),(783,1,2,'25-03-2023','03-08-04'),(784,1,1,'25-03-2023','03-09-07'),(785,1,1,'25-03-2023','03-11-45'),(786,1,2,'25-03-2023','03-12-00'),(787,1,1,'25-03-2023','03-12-46'),(788,1,2,'25-03-2023','03-13-19'),(789,1,1,'25-03-2023','03-13-52'),(790,1,2,'25-03-2023','03-14-52'),(791,1,1,'26-03-2023','12-01-00'),(792,1,2,'26-03-2023','12-01-18'),(793,1,1,'26-03-2023','12-57-22'),(794,1,2,'26-03-2023','12-57-59'),(795,1,1,'26-03-2023','01-00-06'),(796,1,2,'26-03-2023','01-00-25'),(797,1,1,'26-03-2023','03-28-55'),(798,1,2,'26-03-2023','03-29-13'),(799,1,1,'26-03-2023','03-29-55'),(800,1,2,'26-03-2023','03-30-18'),(801,1,1,'26-03-2023','03-31-25'),(802,1,2,'26-03-2023','03-31-46'),(803,1,1,'26-03-2023','03-37-28'),(804,1,2,'26-03-2023','03-37-46'),(805,1,1,'26-03-2023','03-41-23'),(806,1,2,'26-03-2023','03-41-37'),(807,1,1,'26-03-2023','03-42-21'),(808,1,2,'26-03-2023','03-42-50'),(809,1,1,'26-03-2023','03-45-06'),(810,1,2,'26-03-2023','03-45-32'),(811,1,1,'26-03-2023','03-49-22'),(812,1,2,'26-03-2023','03-50-21'),(813,1,1,'26-03-2023','03-55-28'),(814,1,2,'26-03-2023','03-57-25'),(815,1,1,'26-03-2023','03-57-38'),(816,1,2,'26-03-2023','03-57-49'),(817,1,1,'26-03-2023','04-28-05'),(818,1,2,'26-03-2023','04-28-48'),(819,1,1,'26-03-2023','04-29-56'),(820,1,2,'26-03-2023','04-30-50'),(821,1,1,'26-03-2023','04-32-35'),(822,1,2,'26-03-2023','04-33-22'),(823,1,1,'26-03-2023','04-34-47'),(824,1,2,'26-03-2023','04-34-57'),(825,1,1,'26-03-2023','04-36-51'),(826,1,2,'26-03-2023','04-37-08'),(827,1,1,'26-03-2023','04-38-09'),(828,1,2,'26-03-2023','04-38-17'),(829,1,1,'26-03-2023','04-39-03'),(830,1,2,'26-03-2023','04-39-38'),(831,1,1,'26-03-2023','04-39-56'),(832,1,2,'26-03-2023','04-41-07'),(833,1,1,'28-03-2023','05-34-34'),(834,1,2,'28-03-2023','05-34-48'),(835,1,1,'28-03-2023','05-35-35'),(836,1,2,'28-03-2023','05-36-16'),(837,1,1,'28-03-2023','05-36-53'),(838,1,2,'28-03-2023','05-37-27'),(839,1,1,'28-03-2023','05-45-48'),(840,1,2,'28-03-2023','05-46-14'),(841,1,1,'29-03-2023','09-18-03'),(842,1,2,'29-03-2023','09-19-02'),(843,1,1,'30-03-2023','02-28-18'),(844,1,2,'30-03-2023','02-28-33'),(845,1,1,'30-03-2023','02-29-41'),(846,1,2,'30-03-2023','02-30-17'),(847,1,1,'30-03-2023','03-03-35'),(848,1,2,'30-03-2023','03-05-55'),(849,1,1,'31-03-2023','04-09-56'),(850,1,2,'31-03-2023','04-12-10'),(851,1,1,'31-03-2023','02-15-35'),(852,1,1,'01-04-2023','03-05-38'),(853,1,2,'01-04-2023','03-05-54'),(854,1,1,'01-04-2023','03-06-28'),(855,1,2,'01-04-2023','03-07-03'),(856,1,1,'01-04-2023','03-07-41'),(857,1,2,'01-04-2023','03-08-07'),(858,1,1,'01-04-2023','03-08-19'),(859,1,2,'01-04-2023','03-08-26'),(860,1,1,'01-04-2023','03-09-15'),(861,1,2,'01-04-2023','03-09-34'),(862,1,1,'02-04-2023','05-26-58'),(863,1,2,'02-04-2023','05-27-31'),(864,1,1,'02-04-2023','07-25-33'),(865,1,2,'02-04-2023','07-26-25'),(866,1,1,'02-04-2023','07-26-42'),(867,1,2,'02-04-2023','07-46-11'),(868,1,1,'02-04-2023','03-17-24'),(869,1,2,'02-04-2023','03-18-26'),(870,1,1,'02-04-2023','03-20-10'),(871,1,2,'02-04-2023','03-27-37'),(872,1,1,'02-04-2023','03-30-02'),(873,1,2,'02-04-2023','03-30-16'),(874,1,1,'02-04-2023','03-31-48'),(875,1,2,'02-04-2023','03-31-57'),(876,1,1,'02-04-2023','03-32-20'),(877,1,2,'02-04-2023','03-32-31'),(878,1,1,'02-04-2023','03-35-57'),(879,1,2,'02-04-2023','03-36-45'),(880,1,1,'02-04-2023','03-38-18'),(881,1,2,'02-04-2023','03-41-51'),(882,1,1,'02-04-2023','03-44-06'),(883,1,2,'02-04-2023','03-44-29'),(884,1,1,'02-04-2023','03-56-20'),(885,1,2,'02-04-2023','03-57-20'),(886,1,1,'02-04-2023','04-29-26'),(887,1,2,'02-04-2023','04-29-44'),(888,1,1,'02-04-2023','07-29-34'),(889,1,2,'02-04-2023','07-30-46'),(890,1,1,'02-04-2023','07-32-38'),(891,1,1,'02-04-2023','07-33-32'),(892,1,1,'02-04-2023','07-35-42'),(893,1,1,'02-04-2023','07-38-28'),(894,1,1,'02-04-2023','07-41-39'),(895,1,2,'02-04-2023','07-41-55'),(896,1,1,'02-04-2023','07-43-33'),(897,1,2,'02-04-2023','07-44-04'),(898,1,1,'02-04-2023','07-44-42'),(899,1,2,'02-04-2023','07-45-03'),(900,1,1,'02-04-2023','07-46-30'),(901,1,2,'02-04-2023','07-46-54'),(902,1,1,'02-04-2023','07-48-02'),(903,1,2,'02-04-2023','07-48-42'),(904,1,1,'02-04-2023','07-52-04'),(905,1,2,'02-04-2023','07-52-14'),(906,1,1,'02-04-2023','07-54-21'),(907,1,2,'02-04-2023','07-54-38'),(908,1,1,'02-04-2023','07-55-19'),(909,1,2,'02-04-2023','07-55-33'),(910,1,1,'03-04-2023','04-43-19'),(911,1,2,'03-04-2023','04-43-45'),(912,1,1,'03-04-2023','04-44-46'),(913,1,2,'03-04-2023','04-45-04'),(914,1,1,'03-04-2023','04-45-30'),(915,1,2,'03-04-2023','04-45-46'),(916,1,1,'03-04-2023','04-46-35'),(917,1,2,'03-04-2023','04-46-54'),(918,1,1,'03-04-2023','04-47-16'),(919,1,2,'03-04-2023','04-47-34'),(920,1,1,'03-04-2023','04-48-08'),(921,1,2,'03-04-2023','04-48-37'),(922,1,1,'03-04-2023','04-49-54'),(923,1,2,'03-04-2023','04-50-25'),(924,1,1,'04-04-2023','04-13-15'),(925,1,2,'04-04-2023','04-13-32'),(926,1,1,'04-04-2023','04-26-28'),(927,1,2,'04-04-2023','04-29-45'),(928,1,1,'04-04-2023','04-40-51'),(929,1,2,'04-04-2023','04-40-58'),(930,1,1,'04-04-2023','04-41-02'),(931,1,2,'04-04-2023','04-41-31'),(932,1,1,'04-04-2023','04-42-17'),(933,1,2,'04-04-2023','04-43-12'),(934,1,1,'04-04-2023','04-44-33'),(935,1,2,'04-04-2023','04-45-12'),(936,1,1,'04-04-2023','04-46-59'),(937,1,2,'04-04-2023','04-47-24'),(938,1,1,'04-04-2023','05-00-45'),(939,1,2,'04-04-2023','05-00-58'),(940,1,1,'04-04-2023','05-03-49'),(941,1,2,'04-04-2023','05-05-22'),(942,1,1,'04-04-2023','05-05-39'),(943,1,2,'04-04-2023','05-05-50'),(944,1,1,'04-04-2023','05-07-22'),(945,1,2,'04-04-2023','05-07-29'),(946,1,1,'04-04-2023','05-07-44'),(947,1,2,'04-04-2023','05-08-05'),(948,1,1,'04-04-2023','05-11-48'),(949,1,2,'04-04-2023','05-11-58'),(950,1,1,'04-04-2023','05-13-41'),(951,1,2,'04-04-2023','05-13-47'),(952,1,1,'04-04-2023','05-14-06'),(953,1,2,'04-04-2023','05-14-28'),(954,1,1,'04-04-2023','06-23-49'),(955,1,2,'04-04-2023','06-23-58'),(956,1,1,'04-04-2023','06-24-27'),(957,1,2,'04-04-2023','06-24-35'),(958,1,1,'04-04-2023','06-33-00'),(959,1,2,'04-04-2023','06-33-12'),(960,1,1,'04-04-2023','07-01-55'),(961,1,2,'04-04-2023','07-02-10'),(962,1,1,'04-04-2023','07-36-49'),(963,1,2,'04-04-2023','07-37-29'),(964,1,1,'04-04-2023','08-33-58'),(965,1,2,'04-04-2023','08-34-17'),(966,1,1,'04-04-2023','08-36-02'),(967,1,2,'04-04-2023','08-36-14'),(968,1,1,'04-04-2023','08-37-07'),(969,1,2,'04-04-2023','08-37-29'),(970,1,1,'04-04-2023','08-40-00'),(971,1,2,'04-04-2023','08-40-31'),(972,1,1,'04-04-2023','09-27-11'),(973,1,2,'04-04-2023','09-27-18'),(974,1,1,'04-04-2023','09-27-59'),(975,1,2,'04-04-2023','09-28-04'),(976,1,1,'04-04-2023','09-28-59'),(977,1,2,'04-04-2023','09-29-10'),(978,1,1,'04-04-2023','09-30-00'),(979,1,2,'04-04-2023','09-30-08'),(980,1,1,'04-04-2023','09-31-08'),(981,1,2,'04-04-2023','09-31-18'),(982,1,1,'04-04-2023','09-32-03'),(983,1,2,'04-04-2023','09-32-09'),(984,1,1,'04-04-2023','09-32-36'),(985,1,2,'04-04-2023','09-32-45'),(986,1,1,'04-04-2023','09-34-04'),(987,1,2,'04-04-2023','09-34-36'),(988,1,1,'04-04-2023','10-33-38'),(989,1,2,'04-04-2023','10-33-40'),(990,1,1,'05-04-2023','10-22-41'),(991,1,2,'05-04-2023','10-22-58'),(992,1,1,'06-04-2023','01-36-39'),(993,1,2,'06-04-2023','01-37-39'),(994,1,1,'06-04-2023','01-40-39'),(995,1,2,'06-04-2023','01-41-40'),(996,1,1,'06-04-2023','03-19-17'),(997,1,2,'06-04-2023','03-20-05'),(998,1,1,'06-04-2023','03-20-16'),(999,1,2,'06-04-2023','03-20-36'),(1000,1,1,'06-04-2023','03-22-01'),(1001,1,1,'06-04-2023','03-24-58'),(1002,1,2,'06-04-2023','03-25-21'),(1003,1,1,'06-04-2023','03-26-01'),(1004,1,1,'06-04-2023','06-25-43'),(1005,1,2,'06-04-2023','06-26-02'),(1006,1,1,'06-04-2023','06-26-58'),(1007,1,2,'06-04-2023','06-27-12'),(1008,1,1,'06-04-2023','06-29-53'),(1009,1,1,'06-04-2023','06-41-20'),(1010,1,2,'06-04-2023','06-41-36'),(1011,1,1,'06-04-2023','06-42-11'),(1012,1,2,'06-04-2023','06-42-38'),(1013,1,1,'06-04-2023','06-44-46'),(1014,1,2,'06-04-2023','06-45-00'),(1015,1,1,'06-04-2023','06-46-59'),(1016,1,2,'06-04-2023','06-47-55'),(1017,1,1,'06-04-2023','06-48-34'),(1018,1,2,'06-04-2023','06-48-56'),(1019,1,1,'06-04-2023','06-50-23'),(1020,1,2,'06-04-2023','06-50-58'),(1021,1,1,'06-04-2023','07-14-45'),(1022,1,2,'06-04-2023','07-15-04'),(1023,1,1,'06-04-2023','07-32-02'),(1024,1,2,'06-04-2023','07-32-29'),(1025,1,1,'06-04-2023','07-34-15'),(1026,1,1,'06-04-2023','07-35-58'),(1027,1,2,'06-04-2023','07-55-08'),(1028,1,1,'06-04-2023','08-02-08'),(1029,1,2,'06-04-2023','08-02-28'),(1030,1,1,'06-04-2023','08-04-59'),(1031,1,2,'06-04-2023','08-05-13'),(1032,1,1,'06-04-2023','08-05-51'),(1033,1,2,'06-04-2023','08-07-06'),(1034,1,1,'06-04-2023','08-07-41'),(1035,1,2,'06-04-2023','08-08-49'),(1036,1,1,'06-04-2023','08-09-46'),(1037,1,2,'06-04-2023','08-10-25'),(1038,1,1,'06-04-2023','10-32-33'),(1039,1,2,'06-04-2023','10-32-39'),(1040,1,1,'06-04-2023','10-33-00'),(1041,1,2,'06-04-2023','10-33-10'),(1042,1,1,'06-04-2023','10-33-36'),(1043,1,2,'06-04-2023','10-33-48'),(1044,1,1,'06-04-2023','10-34-07'),(1045,1,2,'06-04-2023','10-34-27'),(1046,1,1,'06-04-2023','10-35-09'),(1047,1,2,'06-04-2023','10-35-29'),(1048,1,1,'06-04-2023','10-35-34'),(1049,1,2,'06-04-2023','10-35-36'),(1050,1,1,'06-04-2023','10-37-02'),(1051,1,1,'06-04-2023','10-39-10'),(1052,1,2,'06-04-2023','10-40-13'),(1053,1,1,'06-04-2023','10-40-52'),(1054,1,2,'06-04-2023','05-01-07'),(1055,1,1,'06-04-2023','06-54-31'),(1056,1,2,'06-04-2023','06-54-46'),(1057,1,1,'06-04-2023','06-54-50'),(1058,1,2,'06-04-2023','06-57-04'),(1059,1,1,'06-04-2023','07-18-26'),(1060,1,2,'06-04-2023','07-18-34'),(1061,1,1,'06-04-2023','07-21-06'),(1062,1,2,'06-04-2023','07-21-19'),(1063,1,1,'06-04-2023','07-22-47'),(1064,1,2,'06-04-2023','07-23-15'),(1065,1,1,'06-04-2023','07-23-43'),(1066,1,2,'06-04-2023','07-25-31'),(1067,1,1,'08-04-2023','12-19-41'),(1068,1,1,'08-04-2023','01-36-53'),(1069,1,2,'08-04-2023','01-37-32'),(1070,1,1,'08-04-2023','01-39-00'),(1071,1,2,'08-04-2023','01-39-14'),(1072,1,1,'08-04-2023','01-39-37'),(1073,1,2,'08-04-2023','01-39-52'),(1074,1,1,'08-04-2023','01-40-16'),(1075,1,2,'08-04-2023','01-40-25'),(1076,1,1,'08-04-2023','01-42-41'),(1077,1,2,'08-04-2023','01-42-49'),(1078,1,1,'08-04-2023','01-43-14'),(1079,1,2,'08-04-2023','01-43-26'),(1080,1,1,'08-04-2023','06-25-49'),(1081,1,2,'08-04-2023','06-25-58'),(1082,1,1,'08-04-2023','06-28-12'),(1083,1,2,'08-04-2023','06-28-50'),(1084,1,1,'08-04-2023','06-35-12'),(1085,1,2,'08-04-2023','06-35-29'),(1086,1,1,'08-04-2023','06-36-00'),(1087,1,2,'08-04-2023','06-36-42'),(1088,1,1,'09-04-2023','01-25-13'),(1089,1,2,'09-04-2023','01-25-28'),(1090,1,1,'09-04-2023','01-25-59'),(1091,1,2,'09-04-2023','01-26-07'),(1092,1,1,'09-04-2023','01-26-27'),(1093,1,2,'09-04-2023','01-26-32'),(1094,1,1,'09-04-2023','01-27-25'),(1095,1,2,'09-04-2023','01-27-39'),(1096,1,1,'09-04-2023','01-28-54'),(1097,1,2,'09-04-2023','01-29-13'),(1098,1,1,'09-04-2023','01-30-00'),(1099,1,2,'09-04-2023','01-30-18'),(1100,1,1,'09-04-2023','01-30-55'),(1101,1,2,'09-04-2023','01-31-01'),(1102,1,1,'09-04-2023','01-32-59'),(1103,1,2,'09-04-2023','01-33-19'),(1104,1,1,'09-04-2023','01-34-12'),(1105,1,2,'09-04-2023','01-34-35'),(1106,1,1,'09-04-2023','01-36-17'),(1107,1,2,'09-04-2023','01-36-24'),(1108,1,1,'09-04-2023','01-36-58'),(1109,1,2,'09-04-2023','01-37-03'),(1110,1,1,'09-04-2023','01-38-27'),(1111,1,2,'09-04-2023','01-39-13'),(1112,1,1,'09-04-2023','01-39-32'),(1113,1,2,'09-04-2023','01-39-47'),(1114,1,1,'09-04-2023','01-40-48'),(1115,1,2,'09-04-2023','01-41-12'),(1116,1,1,'09-04-2023','01-41-40'),(1117,1,2,'09-04-2023','01-41-51'),(1118,1,1,'09-04-2023','01-42-35'),(1119,1,2,'09-04-2023','01-42-48'),(1120,1,1,'09-04-2023','01-43-55'),(1121,1,2,'09-04-2023','01-44-04'),(1122,1,1,'09-04-2023','01-45-23'),(1123,1,2,'09-04-2023','01-45-27'),(1124,1,1,'09-04-2023','01-46-35'),(1125,1,2,'09-04-2023','01-47-00'),(1126,1,1,'09-04-2023','01-47-32'),(1127,1,2,'09-04-2023','01-47-49'),(1128,1,1,'09-04-2023','03-48-52'),(1129,1,1,'09-04-2023','06-59-36'),(1130,1,1,'09-04-2023','07-02-50'),(1131,1,2,'09-04-2023','07-03-11'),(1132,1,1,'09-04-2023','07-03-59'),(1133,1,2,'09-04-2023','07-04-18'),(1134,1,1,'09-04-2023','07-04-59'),(1135,1,2,'09-04-2023','07-05-11'),(1136,1,1,'09-04-2023','07-05-45'),(1137,1,2,'09-04-2023','07-06-00'),(1138,1,1,'09-04-2023','07-06-28'),(1139,1,2,'09-04-2023','07-06-36'),(1140,1,1,'09-04-2023','07-53-24'),(1141,1,2,'09-04-2023','07-54-34'),(1142,1,1,'09-04-2023','08-01-48'),(1143,1,2,'09-04-2023','08-03-26'),(1144,1,1,'09-04-2023','08-20-37'),(1145,1,2,'09-04-2023','08-27-46'),(1146,1,1,'09-04-2023','08-28-18'),(1147,1,1,'09-04-2023','08-36-55'),(1148,1,2,'09-04-2023','08-38-29'),(1149,1,1,'09-04-2023','08-39-04'),(1150,1,2,'09-04-2023','08-40-12'),(1151,1,1,'09-04-2023','08-43-40'),(1152,1,2,'09-04-2023','08-43-51'),(1153,1,1,'09-04-2023','08-44-27'),(1154,1,2,'09-04-2023','08-44-45'),(1155,1,1,'09-04-2023','08-49-30'),(1156,1,2,'09-04-2023','08-50-15'),(1157,1,1,'09-04-2023','08-51-14'),(1158,1,2,'09-04-2023','08-51-38'),(1159,1,1,'09-04-2023','08-52-20'),(1160,1,2,'09-04-2023','08-53-16'),(1161,1,1,'09-04-2023','08-55-07'),(1162,1,2,'09-04-2023','08-55-25'),(1163,1,1,'10-04-2023','06-11-51'),(1164,1,2,'10-04-2023','06-12-33'),(1165,1,1,'10-04-2023','06-41-24'),(1166,1,2,'10-04-2023','06-41-28'),(1167,1,1,'10-04-2023','12-44-55'),(1168,1,2,'10-04-2023','12-46-56'),(1169,1,1,'10-04-2023','12-50-02'),(1170,1,1,'10-04-2023','01-11-53'),(1171,1,2,'10-04-2023','01-12-08'),(1172,1,2,'10-04-2023','01-12-37'),(1173,1,1,'10-04-2023','01-12-49'),(1174,1,2,'10-04-2023','01-12-57'),(1175,1,1,'10-04-2023','01-13-20'),(1176,1,2,'10-04-2023','01-13-46'),(1177,1,1,'10-04-2023','01-31-43'),(1178,1,2,'10-04-2023','01-31-47'),(1179,1,1,'10-04-2023','01-33-05'),(1180,1,2,'10-04-2023','01-34-43'),(1181,1,1,'10-04-2023','03-55-19'),(1182,1,2,'10-04-2023','03-56-03'),(1183,1,1,'10-04-2023','03-56-15'),(1184,1,2,'10-04-2023','03-57-07'),(1185,1,1,'10-04-2023','03-59-06'),(1186,1,2,'10-04-2023','03-59-35'),(1187,1,1,'10-04-2023','04-00-17'),(1188,1,2,'10-04-2023','04-01-01'),(1189,1,1,'10-04-2023','04-02-57'),(1190,1,2,'10-04-2023','04-03-42'),(1191,1,1,'10-04-2023','04-04-39'),(1192,1,2,'10-04-2023','04-04-57'),(1193,1,1,'11-04-2023','05-47-08'),(1194,1,2,'11-04-2023','05-48-09'),(1195,1,1,'11-04-2023','05-48-23'),(1196,1,1,'11-04-2023','05-49-34'),(1197,1,1,'11-04-2023','05-50-01'),(1198,1,1,'11-04-2023','05-51-08'),(1199,1,1,'11-04-2023','05-54-10'),(1200,1,1,'11-04-2023','05-55-25'),(1201,1,1,'11-04-2023','06-12-58'),(1202,1,1,'11-04-2023','06-14-25'),(1203,1,2,'11-04-2023','06-14-36'),(1204,1,1,'11-04-2023','06-14-54'),(1205,1,1,'11-04-2023','06-16-48'),(1206,1,1,'11-04-2023','06-18-48'),(1207,1,2,'11-04-2023','06-22-30'),(1208,1,1,'11-04-2023','06-30-21'),(1209,1,1,'11-04-2023','06-31-13'),(1210,1,2,'11-04-2023','06-31-54'),(1211,1,1,'11-04-2023','07-42-06'),(1212,1,2,'11-04-2023','07-44-15'),(1213,1,1,'11-04-2023','08-01-33'),(1214,1,2,'11-04-2023','08-02-46'),(1215,1,1,'11-04-2023','08-03-08'),(1216,1,2,'11-04-2023','08-03-20'),(1217,1,1,'11-04-2023','08-09-29'),(1218,1,2,'11-04-2023','08-09-54'),(1219,1,1,'11-04-2023','08-10-48'),(1220,1,2,'11-04-2023','08-11-59'),(1221,1,1,'11-04-2023','08-15-25'),(1222,1,2,'11-04-2023','08-15-44'),(1223,1,1,'11-04-2023','08-16-02'),(1224,1,2,'11-04-2023','08-16-57'),(1225,1,1,'11-04-2023','10-22-46'),(1226,1,2,'11-04-2023','10-32-16'),(1227,1,1,'11-04-2023','10-55-52'),(1228,1,1,'11-04-2023','10-56-36'),(1229,1,2,'11-04-2023','10-57-59'),(1230,1,1,'11-04-2023','10-58-10'),(1231,1,2,'11-04-2023','10-58-30'),(1232,1,1,'11-04-2023','10-59-29'),(1233,1,2,'11-04-2023','11-00-33'),(1234,1,1,'11-04-2023','11-01-49'),(1235,1,2,'11-04-2023','11-03-14'),(1236,1,1,'11-04-2023','11-03-27'),(1237,1,2,'11-04-2023','11-03-46'),(1238,1,1,'11-04-2023','11-05-33'),(1239,1,2,'11-04-2023','11-06-23'),(1240,1,1,'11-04-2023','11-07-55'),(1241,1,2,'11-04-2023','11-08-41'),(1242,1,1,'11-04-2023','11-11-05'),(1243,1,2,'11-04-2023','11-11-36'),(1244,1,1,'11-04-2023','11-12-09'),(1245,1,1,'11-04-2023','11-13-16'),(1246,1,2,'11-04-2023','11-13-36'),(1247,1,1,'11-04-2023','11-16-29'),(1248,1,2,'11-04-2023','11-25-10'),(1249,1,1,'11-04-2023','12-01-42'),(1250,1,2,'11-04-2023','12-02-06'),(1251,1,1,'12-04-2023','12-35-14'),(1252,1,2,'12-04-2023','12-35-36'),(1253,1,1,'12-04-2023','12-36-11'),(1254,1,2,'12-04-2023','12-37-13'),(1255,1,1,'12-04-2023','12-38-23'),(1256,1,2,'12-04-2023','12-39-18'),(1257,1,1,'12-04-2023','12-41-19'),(1258,1,2,'12-04-2023','12-41-35'),(1259,1,1,'12-04-2023','12-42-52'),(1260,1,2,'12-04-2023','12-43-18'),(1261,1,1,'12-04-2023','12-44-02'),(1262,1,2,'12-04-2023','12-46-00'),(1263,1,1,'12-04-2023','12-47-24'),(1264,1,2,'12-04-2023','12-49-04'),(1265,1,1,'12-04-2023','04-00-50'),(1266,1,2,'12-04-2023','04-01-48'),(1267,1,1,'12-04-2023','04-04-00'),(1268,1,2,'12-04-2023','04-06-14'),(1269,1,1,'12-04-2023','04-06-24'),(1270,1,2,'12-04-2023','04-07-50'),(1271,1,1,'12-04-2023','04-08-57'),(1272,1,2,'12-04-2023','04-09-46'),(1273,1,1,'12-04-2023','06-36-49'),(1274,1,2,'12-04-2023','06-37-29'),(1275,1,1,'12-04-2023','06-47-28'),(1276,1,2,'12-04-2023','06-48-05'),(1277,1,1,'12-04-2023','06-51-47'),(1278,1,2,'12-04-2023','06-52-39'),(1279,1,1,'12-04-2023','06-58-55'),(1280,1,1,'12-04-2023','06-59-33'),(1281,1,2,'12-04-2023','09-26-12'),(1282,1,1,'12-04-2023','10-22-59'),(1283,1,2,'12-04-2023','10-23-14'),(1284,1,1,'12-04-2023','10-34-10'),(1285,1,2,'12-04-2023','10-36-11'),(1286,1,1,'12-04-2023','11-01-08'),(1287,1,2,'12-04-2023','11-01-29'),(1288,1,1,'12-04-2023','11-03-35'),(1289,1,2,'12-04-2023','11-04-14'),(1290,1,1,'12-04-2023','11-09-56'),(1291,1,2,'12-04-2023','11-10-23'),(1292,1,1,'12-04-2023','11-17-38'),(1293,1,2,'12-04-2023','11-17-56'),(1294,1,1,'12-04-2023','11-18-27'),(1295,1,2,'12-04-2023','11-18-42'),(1296,1,1,'12-04-2023','11-20-01'),(1297,1,2,'12-04-2023','11-20-25'),(1298,1,1,'12-04-2023','11-21-58'),(1299,1,2,'12-04-2023','11-22-30'),(1300,1,1,'12-04-2023','01-34-31'),(1301,1,2,'12-04-2023','01-36-03'),(1302,1,1,'12-04-2023','03-08-01'),(1303,1,2,'12-04-2023','03-08-58'),(1304,1,1,'12-04-2023','03-12-06'),(1305,1,2,'12-04-2023','03-13-29'),(1306,1,1,'12-04-2023','03-23-39'),(1307,1,2,'12-04-2023','03-23-50'),(1308,1,1,'13-04-2023','01-50-01'),(1309,1,1,'13-04-2023','01-51-49'),(1310,1,1,'13-04-2023','01-52-54'),(1311,1,1,'13-04-2023','01-53-45'),(1312,1,1,'13-04-2023','01-56-06'),(1313,1,2,'13-04-2023','01-56-15'),(1314,1,1,'13-04-2023','02-11-31'),(1315,1,1,'13-04-2023','02-12-40'),(1316,1,1,'13-04-2023','02-13-20'),(1317,1,1,'13-04-2023','02-14-31'),(1318,1,2,'13-04-2023','02-14-34'),(1319,1,1,'13-04-2023','02-14-41'),(1320,1,2,'13-04-2023','02-14-46'),(1321,1,1,'13-04-2023','02-14-54'),(1322,1,2,'13-04-2023','02-15-07'),(1323,1,1,'13-04-2023','02-16-18'),(1324,1,2,'13-04-2023','02-16-35'),(1325,1,1,'13-04-2023','02-17-10'),(1326,1,2,'13-04-2023','02-17-25'),(1327,1,1,'13-04-2023','05-35-06'),(1328,1,2,'13-04-2023','05-40-18'),(1329,1,1,'13-04-2023','03-54-04'),(1330,1,2,'13-04-2023','03-55-22'),(1331,1,1,'13-04-2023','04-03-32'),(1332,1,1,'13-04-2023','04-05-16'),(1333,1,1,'13-04-2023','04-05-50'),(1334,1,1,'13-04-2023','04-07-21'),(1335,1,2,'13-04-2023','04-07-38'),(1336,1,1,'13-04-2023','04-09-29'),(1337,1,2,'13-04-2023','04-11-27'),(1338,1,1,'14-04-2023','08-23-14'),(1339,1,2,'14-04-2023','08-28-56'),(1340,1,1,'14-04-2023','09-08-23'),(1341,1,2,'14-04-2023','09-33-12'),(1342,1,1,'14-04-2023','09-38-29'),(1343,1,2,'14-04-2023','09-52-24'),(1344,1,1,'14-04-2023','10-04-55'),(1345,1,2,'14-04-2023','10-10-10'),(1346,1,1,'17-04-2023','05-31-57'),(1347,1,2,'17-04-2023','05-38-37'),(1348,1,1,'18-04-2023','01-22-55'),(1349,1,2,'18-04-2023','01-24-46');
/*!40000 ALTER TABLE `historial_movimientos` ENABLE KEYS */;
UNLOCK TABLES;

--
-- Table structure for table `movimiento`
--

DROP TABLE IF EXISTS `movimiento`;
/*!40101 SET @saved_cs_client     = @@character_set_client */;
/*!50503 SET character_set_client = utf8mb4 */;
CREATE TABLE `movimiento` (
  `id` int NOT NULL AUTO_INCREMENT,
  `nombre` varchar(100) NOT NULL,
  `descripcion` mediumtext NOT NULL,
  PRIMARY KEY (`id`)
) ENGINE=InnoDB AUTO_INCREMENT=4 DEFAULT CHARSET=utf8mb4 COLLATE=utf8mb4_0900_ai_ci;
/*!40101 SET character_set_client = @saved_cs_client */;

--
-- Dumping data for table `movimiento`
--

LOCK TABLES `movimiento` WRITE;
/*!40000 ALTER TABLE `movimiento` DISABLE KEYS */;
INSERT INTO `movimiento` VALUES (1,'INICIO DE SESION','SE INICIO SESION'),(2,'FIN DE SESION','SE FINALIZO LA SESION'),(3,'PAGO REGISTRADO','SE REALIZO UN PAGO');
/*!40000 ALTER TABLE `movimiento` ENABLE KEYS */;
UNLOCK TABLES;

--
-- Table structure for table `pagos_x_otros`
--

DROP TABLE IF EXISTS `pagos_x_otros`;
/*!40101 SET @saved_cs_client     = @@character_set_client */;
/*!50503 SET character_set_client = utf8mb4 */;
CREATE TABLE `pagos_x_otros` (
  `id` int NOT NULL AUTO_INCREMENT,
  `personal` int NOT NULL,
  `usuario` int NOT NULL,
  `monto` int NOT NULL,
  `motivo` varchar(100) NOT NULL,
  `descripcion` mediumtext NOT NULL,
  `dia` varchar(2) NOT NULL,
  `mes` varchar(2) NOT NULL,
  `ao` varchar(4) NOT NULL,
  PRIMARY KEY (`id`)
) ENGINE=InnoDB DEFAULT CHARSET=utf8mb4 COLLATE=utf8mb4_0900_ai_ci;
/*!40101 SET character_set_client = @saved_cs_client */;

--
-- Dumping data for table `pagos_x_otros`
--

LOCK TABLES `pagos_x_otros` WRITE;
/*!40000 ALTER TABLE `pagos_x_otros` DISABLE KEYS */;
/*!40000 ALTER TABLE `pagos_x_otros` ENABLE KEYS */;
UNLOCK TABLES;

--
-- Table structure for table `pagos_x_recargos`
--

DROP TABLE IF EXISTS `pagos_x_recargos`;
/*!40101 SET @saved_cs_client     = @@character_set_client */;
/*!50503 SET character_set_client = utf8mb4 */;
CREATE TABLE `pagos_x_recargos` (
  `id` int NOT NULL AUTO_INCREMENT,
  `personal` int NOT NULL,
  `usuario` int NOT NULL,
  `mes_pagado` varchar(3) NOT NULL,
  `monto` float NOT NULL,
  `dia` varchar(2) NOT NULL,
  `mes` varchar(2) NOT NULL,
  `ao` varchar(4) NOT NULL,
  `estado` int NOT NULL,
  PRIMARY KEY (`id`),
  KEY `fk_pagos_x_recargos_personal_idx` (`personal`),
  KEY `fk_pagos_x_recargos_usuario_idx` (`usuario`),
  CONSTRAINT `fk_pagos_x_recargos_usuario` FOREIGN KEY (`usuario`) REFERENCES `usuarios` (`id`),
  CONSTRAINT `fk_recargos_personal` FOREIGN KEY (`personal`) REFERENCES `personal` (`id`) ON DELETE RESTRICT ON UPDATE RESTRICT
) ENGINE=InnoDB DEFAULT CHARSET=utf8mb4 COLLATE=utf8mb4_0900_ai_ci;
/*!40101 SET character_set_client = @saved_cs_client */;

--
-- Dumping data for table `pagos_x_recargos`
--

LOCK TABLES `pagos_x_recargos` WRITE;
/*!40000 ALTER TABLE `pagos_x_recargos` DISABLE KEYS */;
/*!40000 ALTER TABLE `pagos_x_recargos` ENABLE KEYS */;
UNLOCK TABLES;

--
-- Table structure for table `pagos_x_servicio`
--

DROP TABLE IF EXISTS `pagos_x_servicio`;
/*!40101 SET @saved_cs_client     = @@character_set_client */;
/*!50503 SET character_set_client = utf8mb4 */;
CREATE TABLE `pagos_x_servicio` (
  `id` int NOT NULL AUTO_INCREMENT,
  `personal` int NOT NULL,
  `usuario` int NOT NULL,
  `mes_pagado` varchar(3) NOT NULL,
  `monto` float NOT NULL,
  `dia` varchar(2) NOT NULL,
  `mes` varchar(2) NOT NULL,
  `ao` varchar(4) NOT NULL,
  PRIMARY KEY (`id`),
  KEY `fk_pagos_personal_idx` (`personal`),
  KEY `fk_pagos_usuario_idx` (`usuario`),
  CONSTRAINT `fk_pagos_personal` FOREIGN KEY (`personal`) REFERENCES `personal` (`id`),
  CONSTRAINT `fk_pagos_usuario` FOREIGN KEY (`usuario`) REFERENCES `usuarios` (`id`)
) ENGINE=InnoDB AUTO_INCREMENT=9 DEFAULT CHARSET=utf8mb4 COLLATE=utf8mb4_0900_ai_ci;
/*!40101 SET character_set_client = @saved_cs_client */;

--
-- Dumping data for table `pagos_x_servicio`
--

LOCK TABLES `pagos_x_servicio` WRITE;
/*!40000 ALTER TABLE `pagos_x_servicio` DISABLE KEYS */;
INSERT INTO `pagos_x_servicio` VALUES (1,1,21,'ENE',70,'14','4','2023'),(2,1,21,'FEB',70,'14','4','2023'),(3,1,21,'MAR',70,'14','4','2023'),(4,1,21,'ABR',70,'14','4','2023'),(5,1,21,'MAY',70,'14','4','2023'),(6,1,21,'JUN',70,'14','4','2023'),(7,1,21,'JUL',70,'14','4','2023'),(8,1,21,'AGO',70,'14','4','2023');
/*!40000 ALTER TABLE `pagos_x_servicio` ENABLE KEYS */;
UNLOCK TABLES;

--
-- Table structure for table `personal`
--

DROP TABLE IF EXISTS `personal`;
/*!40101 SET @saved_cs_client     = @@character_set_client */;
/*!50503 SET character_set_client = utf8mb4 */;
CREATE TABLE `personal` (
  `id` int NOT NULL AUTO_INCREMENT,
  `nombre` varchar(35) NOT NULL,
  `apellidos` varchar(70) NOT NULL,
  `cargo` int NOT NULL,
  `usuario` varchar(30) NOT NULL,
  `contra` varchar(30) NOT NULL,
  `registro` varchar(10) NOT NULL,
  `estado` int NOT NULL,
  `permisos` text NOT NULL,
  `periodo` varchar(30) NOT NULL,
  PRIMARY KEY (`id`)
) ENGINE=InnoDB AUTO_INCREMENT=2 DEFAULT CHARSET=utf8mb4 COLLATE=utf8mb4_0900_ai_ci;
/*!40101 SET character_set_client = @saved_cs_client */;

--
-- Dumping data for table `personal`
--

LOCK TABLES `personal` WRITE;
/*!40000 ALTER TABLE `personal` DISABLE KEYS */;
INSERT INTO `personal` VALUES (1,'root','- -',1,'DYjV5v/rZTjlHOhU5GTewg==','Gn6/q0zfTijiIiUDD5bnvA==','19-12-2022',1,'1crud','');
/*!40000 ALTER TABLE `personal` ENABLE KEYS */;
UNLOCK TABLES;

--
-- Table structure for table `tipo_tomas`
--

DROP TABLE IF EXISTS `tipo_tomas`;
/*!40101 SET @saved_cs_client     = @@character_set_client */;
/*!50503 SET character_set_client = utf8mb4 */;
CREATE TABLE `tipo_tomas` (
  `id` int NOT NULL AUTO_INCREMENT,
  `tipo` varchar(50) NOT NULL,
  `costo` float NOT NULL,
  `recargo` float NOT NULL,
  PRIMARY KEY (`id`)
) ENGINE=InnoDB AUTO_INCREMENT=12 DEFAULT CHARSET=utf8mb4 COLLATE=utf8mb4_0900_ai_ci;
/*!40101 SET character_set_client = @saved_cs_client */;

--
-- Dumping data for table `tipo_tomas`
--

LOCK TABLES `tipo_tomas` WRITE;
/*!40000 ALTER TABLE `tipo_tomas` DISABLE KEYS */;
INSERT INTO `tipo_tomas` VALUES (1,'DOMESTICA',70,35),(2,'COMERCIAL',100,50),(3,'RESIDENCIAL',200,100),(4,'ABARROTES',150,75),(7,'VERDULERIA',150,75),(8,'XDDDD',1000,500),(9,'LICORERIA',100,50),(10,'QUESERIA',100,50),(11,'PIZZERIA',100,50);
/*!40000 ALTER TABLE `tipo_tomas` ENABLE KEYS */;
UNLOCK TABLES;

--
-- Table structure for table `tomas_registradas`
--

DROP TABLE IF EXISTS `tomas_registradas`;
/*!40101 SET @saved_cs_client     = @@character_set_client */;
/*!50503 SET character_set_client = utf8mb4 */;
CREATE TABLE `tomas_registradas` (
  `id` int NOT NULL AUTO_INCREMENT,
  `clave` varchar(45) NOT NULL,
  `usuario` int NOT NULL,
  `tipo` int NOT NULL,
  `calle_a` int NOT NULL,
  `calle_b` int DEFAULT NULL,
  `dia` varchar(2) DEFAULT NULL,
  `mes` varchar(2) DEFAULT NULL,
  `ao` varchar(4) DEFAULT NULL,
  PRIMARY KEY (`id`),
  UNIQUE KEY `clave_UNIQUE` (`clave`)
) ENGINE=InnoDB DEFAULT CHARSET=utf8mb4 COLLATE=utf8mb4_0900_ai_ci;
/*!40101 SET character_set_client = @saved_cs_client */;

--
-- Dumping data for table `tomas_registradas`
--

LOCK TABLES `tomas_registradas` WRITE;
/*!40000 ALTER TABLE `tomas_registradas` DISABLE KEYS */;
/*!40000 ALTER TABLE `tomas_registradas` ENABLE KEYS */;
UNLOCK TABLES;

--
-- Table structure for table `usuarios`
--

DROP TABLE IF EXISTS `usuarios`;
/*!40101 SET @saved_cs_client     = @@character_set_client */;
/*!50503 SET character_set_client = utf8mb4 */;
CREATE TABLE `usuarios` (
  `id` int NOT NULL AUTO_INCREMENT,
  `nombre` varchar(35) NOT NULL,
  `ap` varchar(35) NOT NULL,
  `am` varchar(35) NOT NULL,
  `calle` int NOT NULL,
  `toma` int NOT NULL,
  `registro` varchar(10) NOT NULL,
  `estado` int NOT NULL,
  `titular` int NOT NULL,
  `codigo` int DEFAULT NULL,
  PRIMARY KEY (`id`),
  KEY `fk_usuaros_toma_idx` (`toma`),
  KEY `fk_usuarios_calle_idx` (`calle`),
  CONSTRAINT `fk_usuarios_calle` FOREIGN KEY (`calle`) REFERENCES `calles` (`id`),
  CONSTRAINT `fk_usuaros_toma` FOREIGN KEY (`toma`) REFERENCES `tipo_tomas` (`id`)
) ENGINE=InnoDB AUTO_INCREMENT=31 DEFAULT CHARSET=utf8mb4 COLLATE=utf8mb4_0900_ai_ci;
/*!40101 SET character_set_client = @saved_cs_client */;

--
-- Dumping data for table `usuarios`
--

LOCK TABLES `usuarios` WRITE;
/*!40000 ALTER TABLE `usuarios` DISABLE KEYS */;
INSERT INTO `usuarios` VALUES (9,'ISRAEL','PENALOZA','JUDA',2,3,'25-03-2023',-1,-1,NULL),(10,'SAMRA','GUTIERREZ','VALLE',3,2,'25-03-2023',1,-1,NULL),(17,'JUAN_PABLO','CAMPOS','CASASANERO',2,1,'02-04-2023',1,22,NULL),(19,'KARINA','CAMPOS','CASASANERO',2,1,'02-04-2023',1,22,NULL),(20,'ANGEL','CAMPOS','CASASANERO',1,1,'02-04-2023',1,22,NULL),(21,'DAVID','CAMPOS','CASASANERO',1,1,'02-04-2023',1,22,NULL),(22,'BLANCA_ESTELA','CASASANERO','BELTRAN',1,1,'02-04-2023',1,-1,NULL),(23,'DAVID','CAMPOS','TENANGO',1,1,'02-04-2023',1,-1,NULL),(27,'BELEN','CAMPOS','TENANGO',1,1,'09-04-2023',1,-1,NULL),(28,'JULIO_JOSUE','SANTA_MARIA','CAMPOS',1,1,'12-04-2023',1,27,NULL),(29,'DANA_SHERLIN','CAMPOS','SHERLIN',1,1,'09-04-2023',1,27,NULL),(30,'ALAN','CAMPOS','TENANGO',2,1,'10-04-2023',1,-1,NULL);
/*!40000 ALTER TABLE `usuarios` ENABLE KEYS */;
UNLOCK TABLES;
/*!40103 SET TIME_ZONE=@OLD_TIME_ZONE */;

/*!40101 SET SQL_MODE=@OLD_SQL_MODE */;
/*!40014 SET FOREIGN_KEY_CHECKS=@OLD_FOREIGN_KEY_CHECKS */;
/*!40014 SET UNIQUE_CHECKS=@OLD_UNIQUE_CHECKS */;
/*!40101 SET CHARACTER_SET_CLIENT=@OLD_CHARACTER_SET_CLIENT */;
/*!40101 SET CHARACTER_SET_RESULTS=@OLD_CHARACTER_SET_RESULTS */;
/*!40101 SET COLLATION_CONNECTION=@OLD_COLLATION_CONNECTION */;
/*!40111 SET SQL_NOTES=@OLD_SQL_NOTES */;

-- Dump completed on 2023-04-21 20:26:44
